{
    "DISTANCE_HINT": 0.4183691109590555,
    "UNKNOWN_NEIGHBORS": 10.720777960984023,
    "UTILITY_LOOT": 58.7175902713674,
    "ATTACK_CORE": 153.70507659039185,
    "ATTACK_THREAT": 44.68381825389706,
    "AVOID_RISK": -2.8346517172231978,
    "ATTACK_THRESHOLD_HIGH_HP": 38.056773478732524,
    "ATTACK_THRESHOLD_LOW_HP": 36.89866864015641,
    "PRIORITY_SUPPRESSOR": 91.42820158273949,
    "PRIORITY_RESTO": 41.729502166272,
    "PRIORITY_ANTIVIRUS": 11.253114516047411,
    "PRIORITY_FIREWALL": 11.92921706248392
}