{
    "DISTANCE_HINT": 0.0,
    "UNKNOWN_NEIGHBORS": 10.720777960984023,
    "UTILITY_LOOT": 72.66393098997021,
    "ATTACK_CORE": 166.9177257211363,
    "ATTACK_THREAT": 72.32753691711824,
    "AVOID_RISK": -3.605440154972897,
    "ATTACK_THRESHOLD_HIGH_HP": 28.217959586353487,
    "ATTACK_THRESHOLD_LOW_HP": 36.89866864015641,
    "PRIORITY_SUPPRESSOR": 83.560138062194,
    "PRIORITY_RESTO": 41.729502166272,
    "PRIORITY_ANTIVIRUS": 9.84955120183579,
    "PRIORITY_FIREWALL": 19.352740100463755
}